{
  "project_info": {
    "project_number": "146400863603",
    "project_id": "universitylab-c6a6f",
    "storage_bucket": "universitylab-c6a6f.appspot.com"
  },
  "client": [
    {
      "client_info": {
        "mobilesdk_app_id": "1:146400863603:android:097a1e30212e4e79469106",
        "android_client_info": {
          "package_name": "com.uni.productlab"
        }
      },
      "oauth_client": [
        {
          "client_id": "146400863603-psi3iemrmpk8nah5g0dqktqnsvk9sv1r.apps.googleusercontent.com",
          "client_type": 3
        }
      ],
      "api_key": [
        {
          "current_key": "AIzaSyBNaLquQGEoAqnRkcUxBE8rBaLmluJLva0"
        }
      ],
      "services": {
        "appinvite_service": {
          "other_platform_oauth_client": [
            {
              "client_id": "146400863603-psi3iemrmpk8nah5g0dqktqnsvk9sv1r.apps.googleusercontent.com",
              "client_type": 3
            }
          ]
        }
      }
    }
  ],
  "configuration_version": "1"
}